Daily commit at Thu Sep 25 14:42:29 UTC 2025
Daily commit at Fri Sep 26 01:08:34 UTC 2025
Daily commit at Sat Sep 27 01:05:45 UTC 2025
Daily commit at Sun Sep 28 01:15:23 UTC 2025
Daily commit at Mon Sep 29 01:10:31 UTC 2025
Daily commit at Tue Sep 30 01:09:56 UTC 2025
Daily commit at Wed Oct  1 01:16:48 UTC 2025
Daily commit at Thu Oct  2 01:07:01 UTC 2025
Daily commit at Fri Oct  3 01:06:47 UTC 2025
Daily commit at Sat Oct  4 01:04:28 UTC 2025
Daily commit at Sun Oct  5 01:14:26 UTC 2025
Daily commit at Mon Oct  6 01:09:19 UTC 2025
Daily commit at Tue Oct  7 01:08:06 UTC 2025
Daily commit at Wed Oct  8 01:07:46 UTC 2025
Daily commit at Thu Oct  9 01:08:32 UTC 2025
Daily commit at Fri Oct 10 01:08:37 UTC 2025
Daily commit at Sat Oct 11 01:06:02 UTC 2025
Daily commit at Sun Oct 12 01:11:58 UTC 2025
Daily commit at Mon Oct 13 01:13:26 UTC 2025
Daily commit at Tue Oct 14 01:08:32 UTC 2025
Daily commit at Wed Oct 15 01:10:30 UTC 2025
Daily commit at Thu Oct 16 01:10:05 UTC 2025
Daily commit at Fri Oct 17 01:09:37 UTC 2025
Daily commit at Sat Oct 18 01:06:31 UTC 2025
Daily commit at Sun Oct 19 01:18:00 UTC 2025
Daily commit at Mon Oct 20 01:15:23 UTC 2025
Daily commit at Tue Oct 21 01:12:10 UTC 2025
Daily commit at Wed Oct 22 01:13:25 UTC 2025
Daily commit at Thu Oct 23 01:11:27 UTC 2025
Daily commit at Fri Oct 24 01:07:30 UTC 2025
Daily commit at Sat Oct 25 01:08:54 UTC 2025
Daily commit at Sun Oct 26 01:15:56 UTC 2025
Daily commit at Mon Oct 27 01:17:26 UTC 2025
Daily commit at Tue Oct 28 01:10:02 UTC 2025
Daily commit at Wed Oct 29 01:14:51 UTC 2025
Daily commit at Thu Oct 30 01:14:33 UTC 2025
Daily commit at Fri Oct 31 01:12:26 UTC 2025
Daily commit at Sat Nov  1 01:16:16 UTC 2025
Daily commit at Sun Nov  2 01:16:52 UTC 2025
Daily commit at Mon Nov  3 01:15:55 UTC 2025
Daily commit at Tue Nov  4 01:13:00 UTC 2025
Daily commit at Wed Nov  5 01:14:22 UTC 2025
Daily commit at Thu Nov  6 01:13:38 UTC 2025
Daily commit at Fri Nov  7 01:13:16 UTC 2025
Daily commit at Sat Nov  8 01:09:36 UTC 2025
Daily commit at Sun Nov  9 01:16:27 UTC 2025
Daily commit at Mon Nov 10 01:16:27 UTC 2025
Daily commit at Tue Nov 11 01:14:27 UTC 2025
Daily commit at Wed Nov 12 01:13:46 UTC 2025
Daily commit at Thu Nov 13 01:14:28 UTC 2025
Daily commit at Fri Nov 14 01:13:50 UTC 2025
Daily commit at Sat Nov 15 01:11:46 UTC 2025
Daily commit at Sun Nov 16 01:18:38 UTC 2025
Daily commit at Mon Nov 17 01:14:41 UTC 2025
Daily commit at Tue Nov 18 01:13:58 UTC 2025
Daily commit at Wed Nov 19 01:13:32 UTC 2025
Daily commit at Thu Nov 20 01:12:10 UTC 2025
Daily commit at Fri Nov 21 01:13:01 UTC 2025
Daily commit at Sat Nov 22 01:10:34 UTC 2025
Daily commit at Sun Nov 23 01:22:57 UTC 2025
Daily commit at Mon Nov 24 01:18:37 UTC 2025
Daily commit at Tue Nov 25 01:13:45 UTC 2025
Daily commit at Wed Nov 26 01:14:00 UTC 2025
Daily commit at Thu Nov 27 01:12:57 UTC 2025
Daily commit at Fri Nov 28 01:12:05 UTC 2025
Daily commit at Sat Nov 29 01:12:25 UTC 2025
Daily commit at Sun Nov 30 01:22:31 UTC 2025
Daily commit at Mon Dec  1 01:27:07 UTC 2025
Daily commit at Tue Dec  2 01:15:26 UTC 2025
Daily commit at Wed Dec  3 01:15:38 UTC 2025
Daily commit at Thu Dec  4 01:15:30 UTC 2025
Daily commit at Fri Dec  5 01:16:02 UTC 2025
Daily commit at Sat Dec  6 01:12:17 UTC 2025
Daily commit at Sun Dec  7 01:22:51 UTC 2025
